sep=,
brand, name, price
Bio,Butter Schale,Fr. 21.00 / kg
aha!,Butter Laktosefrei,Fr. 27.00 / kg
,Die Butter aus pasteurisiertem Rahm,Fr. 14.20 / kg
Sanissa,Margarine mit 10% Butter mit Butter,Fr. 8.00 / kg
,Die Butter aus pasteurisiertem Rahm,Fr. 12.40 / kg
Sanissa,Margarine mit 10% Butter mit Butter,Fr. 7.70 / kg
Lätta,Margarine mit 10% Butter & Butter,Fr. 13.11 / kg
Oh! High Protein,Protein Butter,Fr. 19.75 / kg
,Streichfähige Butter,Fr. 20.50 / kg
Le Chef,Butter mit Alpensalz Fleur des Alpes,Fr. 26.50 / kg
Rosalp,Gesalzene Butter,Fr. 22.00 / kg
Rama,Margarine mit Butter,Fr. 9.33 / kg
Soft,Butter gekühlt streichbar,Fr. 14.25 / kg
,Kochbutter,Fr. 11.80 / kg
Floralp,Vorzugsbutter,Fr. 15.00 / kg
Floralp,Vorzugsbutter Schale,Fr. 19.25 / kg
Valflora,Vorzugsbutter Schale,Fr. 25.00 / kg
Bio,Vorzugsbutter,Fr. 19.75 / kg
Nestlé Hirz,Kräuterbutter,Fr. 36.67 / kg
Léger,Halbfettbutter 1/2 Fett,Fr. 15.50 / kg
,Café de Paris-Butter Zu Fleisch- Fisch & Geflügel,Fr. 27.00 / kg
,Saure Buttermilch Nature,Fr. 1.70 / l
Esthetic Vanilla Almond,Body Butter Vanille und Mandel,Fr. 54.00 / l
Pedic Wellness,Foot Butter Avocado Oil & Lemongrass,Fr. 50.00 / l
M,Butter Flûtes-Mini,Fr. 22.96 / kg
Leibniz Zoo,Butter Biscuits,Fr. 19.50 / kg
Namaste India,Geklärte Butter Ghee - Bio,Fr. 55.28 / kg
Mr Stanley's,Butter Karamell,Fr. 39.75 / kg
Emmi,Rapsöl & Butter mit 20% Bratbutter,Fr. 15.00 / l
Terra Suisse,Butterzopf vorgebackt mit Schweizer Butter,Fr. 5.82 / kg
Kern & Sammet,Laugenbrezel mit Butter,Fr. 14.29 / kg
Léger,Frischback Gipfel mit Butter,Fr. 17.50 / kg
M-Classic,Pflanzenöl mit 10% Butter,Fr. 9.90 / l
HiPP Müesli Freund,Butterkeks Ab 1 Jahr - in Apfel-Vanille,Fr. 47.50 / kg
,Butterzopf,Fr. 13.25 / kg
Mr Stanley's,Karamell mit gesalzener Butter,Fr. 39.75 / kg
,Bratbutter Zum braten- Dünsten und Garen,Fr. 17.56 / kg
Leibniz,Butterkeks Mit Schokolade,Fr. 20.00 / kg
Terra Suisse,Butterzopf,Fr. 7.00 / kg
Bio,Bratbutter Zum braten- Dünsten und Garen,Fr. 28.80 / kg
Leibniz,Butterkeks,Fr. 13.00 / kg
Alnatura,Kakaobutter,Fr. 36.00 / kg
Bischofszell,Butterrösti,Fr. 7.00 / kg
M-Classic,Buttergipfeli ca. 12 Stück,Fr. 12.59 / kg
Bio,Bio Butterzopf,Fr. 9.50 / kg
Kägi Toggenburger,Butterbiscuits,Fr. 12.50 / kg
M-Classic,Buttergipfel Frischback,Fr. 0.50 / Stück
Wernli Butterherzli,Butter-Gebäck,Fr. 32.00 / kg
Namaste India,Cremiges Tomaten-Butter-Curry Butter Chicken,Fr. 11.71 / kg
,Butterweggen,Fr. 8.50 / kg
Kern & Sammet,Buttergipfel,Fr. 21.34 / kg
M-Classic,Butterzöpfli Frischback,Fr. 9.23 / kg
Jules Destrooper,Butterwaffeln,Fr. 42.50 / kg
Kambly,Sablés mit frischer Emmentaler Butter mit Milch- und dunklen Chocolade Stückli,Fr. 39.44 / kg
M-Classic,Erdnussbutter Crunchy,Fr. 10.00 / kg
Kambly,Feinste Sablés mit frischer Emmentaler Butter mit ganzen Haselnüssen,Fr. 39.44 / kg
I am hand,Handbutter Honig Honig - für sehr trockene & raue Hände,Fr. 31.33 / l
Samen Mauser,Kürbis Butternut,
Alnatura,Dinkel Butterkeks,Fr. 14.67 / kg
Kambly,Feinste Sablés mit frischer Emmentaler Butter mit feinem Rahmcaramel,Fr. 39.44 / kg
Bonne Maman,Feines Buttergebäck,Fr. 31.11 / kg
Kambly,Feinste Sablés mit frischer Emmentaler Butter,Fr. 39.44 / kg
Kambly,Feinste Sablés mit frischer Emmentaler Butter mit fein gerösteten Mandeln und UrDinkel,Fr. 39.44 / kg
Ben & Jerry's Peanut Butter Cup,Erdnussbutter-Doppelrahmglace mit Drops aus Erdnussbutter in kakaohaltiger Fettglasur,Fr. 21.50 / l
Rollini,Butter-Haselnuss-Gebäck Rollini,Fr. 11.43 / kg
Anna's Best india - Butter Chicken,Huhn an Tomaten-Buttersauce mit Curry-Reis Medium,Fr. 25.16 / kg
,4er Packung Butterweggli,Fr. 0.75 / Stück
Ben & Jerry's Peanut Butter Cup,Erdnussbutter-Doppelrahmglace mit Drops aus Erdnussbutter in kakaohaltiger Fettglasur,Fr. 35.33 / l
M-Classic,Mini Laugenbuttergipfel,Fr. 14.50 / kg
Kambly,Feingebäck mit frischer Emmentaler Butter und einem Hauch von Zitrone,Fr. 23.82 / kg
Alnatura,Buttergemüse mit Couscous und Huhn Ab 8 Monaten,Fr. 7.73 / kg
Kambly Butterfly,Butterbiscuits mit Mandeln und Rahm,Fr. 35.50 / kg
Kambly Mignon,Zartes und leichtes Butterfeingebäck mit einer feinen Zitronenglasur,Fr. 36.88 / kg
Kambly,Feingebäck mit frischer Emmentaler Butter und feinen Milch- und dunklen Chocolade Stückli,Fr. 23.82 / kg
Créa d'Or de MIDOR,Buttergebäck mit Schokoladenhaltiger Füllung Harmonie,Fr. 36.00 / kg
Jules Destrooper,Feine Waffeln mit Butter,Fr. 37.00 / kg
Créa d'Or de MIDOR,Hauchdünnes Buttergebäck mit auserlesenen Mandeln Buttersnacks,Fr. 35.20 / kg
Kambly Twist,Gedrehte Ficelles Mit Butter,Fr. 32.00 / kg
St Michel,Galettes Aus Butter,Fr. 16.15 / kg
Chio,Mikrowellen Popcorn Butter,Fr. 10.83 / kg
Prussiens,Süsses Blätterteiggebäck mit Butter,Fr. 25.65 / kg
Subito,Gewürzte Erbsen und Karotten mit Butter,Fr. 15.63 / kg
Kambly Mini-Twist,Mini flûtes feuilletées torsadées Käse und Butter,Fr. 32.00 / kg
Walkers,Butterbiscuits mit Schokolade- und Milchschokoladestückchen,Fr. 31.33 / kg
Bonne Maman,Madeleine mit frischer Butter,Fr. 22.57 / kg
Daim,Knackiger Butter-Mandel-Karamel umhüllt von feiner Vollmilchschokolade. mini,Fr. 26.00 / kg
Daim,Knackiger Butter-Mandel-Karamel umhüllt von feiner Vollmilchschokolade.,Fr. 35.71 / kg
Dove Body Care,Body Lotion Shea Butter,Fr. 19.13 / l
Kambly Mini-Twist,Blätterteiggebäck mit Butter und Salz,Fr. 32.00 / kg
Jolly Time Butter Flavor,Popcorn Mais Für die Mikrowelle- Butteraroma.,Fr. 13.17 / kg
Ben & Jerry's,Rahmglace Wich Peanut Butter,Fr. 3.30 / Stück
Oreo,Kakaokekse mit Peanut Butter Cremefüllung,Fr. 17.86 / kg
I am Natural,2 in 1 Hand- und Nagelbalsam Calendula & Mango Butter,Fr. 45.33 / l
I am Natural,Lippenbalsam Calendula und Shea Butter,
,Flutes Cocktail Butter- Käse- Mohn- Sesam,Fr. 20.71 / kg
Nivea,Verwöhnende Soft Milk Normale bis trockene Haut - Shea Butter,Fr. 12.00 / l
GrillMi,Schweins-Halssteak mariniert mit café de Paris Butter,Fr. 26.43 / kg
Ben & Jerry's,Rahmglace Peanut Butter & Cookies - Non Dairy,Fr. 23.90 / l
